"icd_code","long_title"
"22802  ","Hemangioma of intracranial structures"
"325    ","Phlebitis and thrombophlebitis of intracranial venous sinuses"
"326    ","Late effects of intracranial abscess or pyogenic infection"
"3482   ","Benign intracranial hypertension"
"37701  ","Papilledema associated with increased intracranial pressure"
"4329   ","Unspecified intracranial hemorrhage"
"4376   ","Nonpyogenic thrombosis of intracranial venous sinus"
"4560   ","Esophageal varices with bleeding"
"4561   ","Esophageal varices without mention of bleeding"
"45620  ","Esophageal varices in diseases classified elsewhere, with bleeding"
"45621  ","Esophageal varices in diseases classified elsewhere, without mention of bleeding"
"53020  ","Ulcer of esophagus without bleeding"
"53021  ","Ulcer of esophagus with bleeding"
"6263   ","Puberty bleeding"
"6265   ","Ovulation bleeding"
"6267   ","Postcoital bleeding"
"6271   ","Postmenopausal bleeding"
"80000  ","Closed fracture of vault of skull without mention of intracranial injury, unspecified state of consciousness"
"80001  ","Closed fracture of vault of skull without mention of intracranial injury, with no loss of consciousness"
"80002  ","Closed fracture of vault of skull without mention of intracranial injury, with brief [less than one hour] loss of consciousness"
"80003  ","Closed fracture of vault of skull without mention of intracranial injury, with moderate [1-24 hours] loss of consciousness"
"80004  ","Closed fracture of vault of skull without mention of intracranial injury, with prolonged [more than 24 hours] loss of consciousness and return to pre-existing conscious level"
"80005  ","Closed fracture of vault of skull without mention of intracranial injury, with prolonged [more than 24 hours] loss of consciousness, without return to pre-existing conscious level"
"80006  ","Closed fracture of vault of skull without mention of intracranial injury, with loss of consciousness of unspecified duration"
"80009  ","Closed fracture of vault of skull without mention of intracranial injury, with concussion, unspecified"
"80030  ","Closed fracture of vault of skull with other and unspecified intracranial hemorrhage, unspecified state of consciousness"
"80031  ","Closed fracture of vault of skull with other and unspecified intracranial hemorrhage, with no loss of consciousness"
"80032  ","Closed fracture of vault of skull with other and unspecified intracranial hemorrhage, with brief [less than one hour] loss of consciousness"
"80033  ","Closed fracture of vault of skull with other and unspecified intracranial hemorrhage, with moderate [1-24 hours] loss of consciousness"
"80034  ","Closed fracture of vault of skull with other and unspecified intracranial hemorrhage, with prolonged [more than 24 hours] loss of consciousness and return to pre-existing conscious level"
"80035  ","Closed fracture of vault of skull with other and unspecified intracranial hemorrhage, with prolonged [more than 24 hours] loss of consciousness, without return to pre-existing conscious level"
"80036  ","Closed fracture of vault of skull with other and unspecified intracranial hemorrhage, with loss of consciousness of unspecified duration"
"80039  ","Closed fracture of vault of skull with other and unspecified intracranial hemorrhage, with concussion, unspecified"
"80040  ","Closed fracture of vault of skull with intracranial injury of other and unspecified nature, unspecified state of consciousness"
"80041  ","Closed fracture of vault of skull with intracranial injury of other and unspecified nature, with no loss of consciousness"
"80042  ","Closed fracture of vault of skull with intracranial injury of other and unspecified nature, with brief [less than one hour] loss of consciousness"
"80043  ","Closed fracture of vault of skull with intracranial injury of other and unspecified nature, with moderate [1-24 hours] loss of consciousness"
"80044  ","Closed fracture of vault of skull with intracranial injury of other and unspecified nature, with prolonged [more than 24 hours] loss of consciousness and return to pre-existing conscious level"
"80045  ","Closed fracture of vault of skull with intracranial injury of other and unspecified nature, with prolonged [more than 24 hours] loss of consciousness, without return to pre-existing conscious level"
"80046  ","Closed fracture of vault of skull with intracranial injury of other and unspecified nature, with loss of consciousness of unspecified duration"
"80049  ","Closed fracture of vault of skull with intracranial injury of other and unspecified nature, with concussion, unspecified"
"80050  ","Open fracture of vault of skull without mention of intracranial injury, unspecified state of consciousness"
"80051  ","Open fracture of vault of skull without mention of intracranial injury, with no loss of consciousness"
"80052  ","Open fracture of vault of skull without mention of intracranial injury, with brief [less than one hour] loss of consciousness"
"80053  ","Open fracture of vault of skull without mention of intracranial injury, with moderate [1-24 hours] loss of consciousness"
"80054  ","Open fracture of vault of skull without mention of intracranial injury, with prolonged [more than 24 hours] loss of consciousness and return to pre-existing conscious level"
"80055  ","Open fracture of vault of skull without mention of intracranial injury, with prolonged [more than 24 hours] loss of consciousness, without return to pre-existing conscious level"
"80056  ","Open fracture of vault of skull without mention of intracranial injury, with loss of consciousness of unspecified duration"
"80059  ","Open fracture of vault of skull without mention of intracranial injury, with concussion, unspecified"
"80080  ","Open fracture of vault of skull with other and unspecified intracranial hemorrhage, unspecified state of consciousness"
"80081  ","Open fracture of vault of skull with other and unspecified intracranial hemorrhage, with no loss of consciousness"
"80082  ","Open fracture of vault of skull with other and unspecified intracranial hemorrhage, with brief [less than one hour] loss of consciousness"
"80083  ","Open fracture of vault of skull with other and unspecified intracranial hemorrhage, with moderate [1-24 hours] loss of consciousness"
"80084  ","Open fracture of vault of skull with other and unspecified intracranial hemorrhage, with prolonged [more than 24 hours] loss of consciousness and return to pre-existing conscious level"
"80085  ","Open fracture of vault of skull with other and unspecified intracranial hemorrhage, with prolonged [more than 24 hours] loss of consciousness, without return to pre-existing conscious level"
"80086  ","Open fracture of vault of skull with other and unspecified intracranial hemorrhage, with loss of consciousness of unspecified duration"
"80089  ","Open fracture of vault of skull with other and unspecified intracranial hemorrhage, with concussion, unspecified"
"80090  ","Open fracture of vault of skull with intracranial injury of other and unspecified nature, unspecified state of consciousness"
"80091  ","Open fracture of vault of skull with intracranial injury of other and unspecified nature, with no loss of consciousness"
"80092  ","Open fracture of vault of skull with intracranial injury of other and unspecified nature, with brief [less than one hour] loss of consciousness"
"80093  ","Open fracture of vault of skull with intracranial injury of other and unspecified nature, with moderate [1-24 hours] loss of consciousness"
"80094  ","Open fracture of vault of skull with intracranial injury of other and unspecified nature, with prolonged [more than 24 hours] loss of consciousness and return to pre-existing conscious level"
"80095  ","Open fracture of vault of skull with intracranial injury of other and unspecified nature, with prolonged [more than 24 hours] loss of consciousness, without return to pre-existing conscious level"
"80096  ","Open fracture of vault of skull with intracranial injury of other and unspecified nature, with loss of consciousness of unspecified duration"
"80099  ","Open fracture of vault of skull with intracranial injury of other and unspecified nature, with concussion, unspecified"
"80130  ","Closed fracture of base of skull with other and unspecified intracranial hemorrhage, unspecified state of consciousness"
"80131  ","Closed fracture of base of skull with other and unspecified intracranial hemorrhage, with no loss of consciousness"
"80132  ","Closed fracture of base of skull with other and unspecified intracranial hemorrhage, with brief [less than one hour] loss of consciousness"
"80133  ","Closed fracture of base of skull with other and unspecified intracranial hemorrhage, with moderate [1-24 hours] loss of consciousness"
"80134  ","Closed fracture of base of skull with other and unspecified intracranial hemorrhage, with prolonged [more than 24 hours] loss of consciousness and return to pre-existing conscious level"
"80135  ","Closed fracture of base of skull with other and unspecified intracranial hemorrhage, with prolonged [more than 24 hours] loss of consciousness, without return to pre-existing conscious level"
"80136  ","Closed fracture of base of skull with other and unspecified intracranial hemorrhage, with loss of consciousness of unspecified duration"
"80139  ","Closed fracture of base of skull with other and unspecified intracranial hemorrhage, with concussion, unspecified"
"80140  ","Closed fracture of base of skull with intracranial injury of other and unspecified nature, unspecified state of consciousness"
"80141  ","Closed fracture of base of skull with intracranial injury of other and unspecified nature, with no loss of consciousness"
"80142  ","Closed fracture of base of skull with intracranial injury of other and unspecified nature, with brief [less than one hour] loss of consciousness"
"80143  ","Closed fracture of base of skull with intracranial injury of other and unspecified nature, with moderate [1-24 hours] loss of consciousness"
"80144  ","Closed fracture of base of skull with intracranial injury of other and unspecified nature, with prolonged [more than 24 hours) loss of consciousness and return to pre-existing conscious level"
"80145  ","Closed fracture of base of skull with intracranial injury of other and unspecified nature, with prolonged [more than 24 hours] loss of consciousness, without return to pre-existing conscious level"
"80146  ","Closed fracture of base of skull with intracranial injury of other and unspecified nature, with loss of consciousness of unspecified duration"
"80149  ","Closed fracture of base of skull with intracranial injury of other and unspecified nature, with concussion, unspecified"
"80150  ","Open fracture of base of skull without mention of intracranial injury, unspecified state of consciousness"
"80151  ","Open fracture of base of skull without mention of intracranial injury, with no loss of consciousness"
"80152  ","Open fracture of base of skull without mention of intracranial injury, with brief [less than one hour] loss of consciousness"
"80153  ","Open fracture of base of skull without mention of intracranial injury, with moderate [1-24 hours] loss of consciousness"
"80154  ","Open fracture of base of skull without mention of intracranial injury, with prolonged [more than 24 hours] loss of consciousness and return to pre-existing conscious level"
"80155  ","Open fracture of base of skull without mention of intracranial injury, with prolonged [more than 24 hours] loss of consciousness, without return to pre-existing conscious level"
"80156  ","Open fracture of base of skull without mention of intracranial injury, with loss of consciousness of unspecified duration"
"80159  ","Open fracture of base of skull without mention of intracranial injury, with concussion, unspecified"
"80180  ","Open fracture of base of skull with other and unspecified intracranial hemorrhage, unspecified state of consciousness"
"80181  ","Open fracture of base of skull with other and unspecified intracranial hemorrhage, with no loss of consciousness"
"80182  ","Open fracture of base of skull with other and unspecified intracranial hemorrhage, with brief [less than one hour] loss of consciousness"
"80183  ","Open fracture of base of skull with other and unspecified intracranial hemorrhage, with moderate [1-24 hours] loss of consciousness"
"80184  ","Open fracture of base of skull with other and unspecified intracranial hemorrhage, with prolonged [more than 24 hours] loss of consciousness and return to pre-existing conscious level"
"80185  ","Open fracture of base of skull with other and unspecified intracranial hemorrhage, with prolonged [more than 24 hours] loss of consciousness, without return to pre-existing conscious level"
"80186  ","Open fracture of base of skull with other and unspecified intracranial hemorrhage, with loss of consciousness of unspecified duration"
"80189  ","Open fracture of base of skull with other and unspecified intracranial hemorrhage, with concussion, unspecified"
"80190  ","Open fracture of base of skull with intracranial injury of other and unspecified nature, unspecified state of consciousness"
"80191  ","Open fracture of base of skull with intracranial injury of other and unspecified nature, with no loss of consciousness"
"80192  ","Open fracture of base of skull with intracranial injury of other and unspecified nature, with brief [less than one hour] loss of consciousness"
"80193  ","Open fracture of base of skull with intracranial injury of other and unspecified nature, with moderate [1-24 hours] loss of consciousness"
"80194  ","Open fracture of base of skull with intracranial injury of other and unspecified nature, with prolonged [more than 24 hours] loss of consciousness and return to pre-existing conscious level"
"80195  ","Open fracture of base of skull with intracranial injury of other and unspecified nature, with prolonged [more than 24 hours] loss of consciousness, without return to pre-existing conscious level"
"80196  ","Open fracture of base of skull with intracranial injury of other and unspecified nature, with loss of consciousness of unspecified duration"
"80199  ","Open fracture of base of skull with intracranial injury of other and unspecified nature, with concussion, unspecified"
"80300  ","Other closed skull fracture without mention of intracranial injury, unspecified state of consciousness"
"80301  ","Other closed skull fracture without mention of intracranial injury, with no loss of consciousness"
"80302  ","Other closed skull fracture without mention of intracranial injury, with brief [less than one hour] loss of consciousness"
"80303  ","Other closed skull fracture without mention of intracranial injury, with moderate [1-24 hours] loss of consciousness"
"80304  ","Other closed skull fracture without mention of intracranial injury, with prolonged [more than 24 hours] loss of consciousness and return to pre-existing conscious level"
"80305  ","Other closed skull fracture without mention of intracranial injury, with prolonged [more than 24 hours] loss of consciousness, without return to pre-existing conscious level"
"80306  ","Other closed skull fracture without mention of intracranial injury, with loss of consciousness of unspecified duration"
"80309  ","Other closed skull fracture without mention of intracranial injury, with concussion, unspecified"
"80330  ","Other closed skull fracture with other and unspecified intracranial hemorrhage, unspecified state of unconsciousness"
"80331  ","Other closed skull fracture with other and unspecified intracranial hemorrhage, with no loss of consciousness"
"80332  ","Other closed skull fracture with other and unspecified intracranial hemorrhage, with brief [less than one hour] loss of consciousness"
"80333  ","Other closed skull fracture with other and unspecified intracranial hemorrhage, with moderate [1-24 hours] loss of consciousness"
"80334  ","Other closed skull fracture with other and unspecified intracranial hemorrhage, with prolonged [more than 24 hours] loss of consciousness and return to pre-existing conscious level"
"80335  ","Other closed skull fracture with other and unspecified intracranial hemorrhage, with prolonged [more than 24 hours] loss of consciousness, without return to pre-existing conscious level"
"80336  ","Other closed skull fracture with other and unspecified intracranial hemorrhage, with loss of consciousness of unspecified duration"
"80339  ","Other closed skull fracture with other and unspecified intracranial hemorrhage, with concussion, unspecified"
"80340  ","Other closed skull fracture with intracranial injury of other and unspecified nature, unspecified state of consciousness"
"80341  ","Other closed skull fracture with intracranial injury of other and unspecified nature, with no loss of consciousness"
"80342  ","Other closed skull fracture with intracranial injury of other and unspecified nature, with brief [less than one hour] loss of consciousness"
"80343  ","Other closed skull fracture with intracranial injury of other and unspecified nature, with moderate [1-24 hours] loss of consciousness"
"80344  ","Other closed skull fracture with intracranial injury of other and unspecified nature, with prolonged [more than 24 hours] loss of consciousness and return to pre-existing conscious level"
"80345  ","Other closed skull fracture with intracranial injury of other and unspecified nature, with prolonged [more than 24 hours] loss of consciousness, without return to pre-existing conscious level"
"80346  ","Other closed skull fracture with intracranial injury of other and unspecified nature, with loss of consciousness of unspecified duration"
"80349  ","Other closed skull fracture with intracranial injury of other and unspecified nature, with concussion, unspecified"
"80351  ","Other open skull fracture without mention of intracranial injury, with no loss of consciousness"
"80352  ","Other open skull fracture without mention of intracranial injury, with brief [less than one hour] loss of consciousness"
"80353  ","Other open skull fracture without mention of intracranial injury, with moderate [1-24 hours] loss of consciousness"
"80354  ","Other open skull fracture without mention of intracranial injury, with prolonged [more than 24 hours] loss of consciousness and return to pre-existing conscious level"
"80355  ","Other open skull fracture without mention of intracranial injury, with prolonged [more than 24 hours] loss of consciousness, without return to pre-existing conscious level"
"80356  ","Other open skull fracture without mention of intracranial injury, with loss of consciousness of unspecified duration"
"80359  ","Other open skull fracture without mention of intracranial injury, with concussion, unspecified"
"80380  ","Other open skull fracture with other and unspecified intracranial hemorrhage, unspecified state of consciousness"
"80381  ","Other open skull fracture with other and unspecified intracranial hemorrhage, with no loss of consciousness"
"80382  ","Other open skull fracture with other and unspecified intracranial hemorrhage, with brief [less than one hour] loss of consciousness"
"80383  ","Other open skull fracture with other and unspecified intracranial hemorrhage, with moderate [1-24 hours] loss of consciousness"
"80384  ","Other open skull fracture with other and unspecified intracranial hemorrhage, with prolonged [more than 24 hours] loss of consciousness and return to pre-existing conscious level"
"80385  ","Other open skull fracture with other and unspecified intracranial hemorrhage, with prolonged [more than 24 hours] loss of consciousness, without return to pre-existing conscious level"
"80386  ","Other open skull fracture with other and unspecified intracranial hemorrhage, with loss of consciousness of unspecified duration"
"80389  ","Other open skull fracture with other and unspecified intracranial hemorrhage, with concussion, unspecified"
"80390  ","Other open skull fracture with intracranial injury of other and unspecified nature, unspecified state of consciousness"
"80391  ","Other open skull fracture with intracranial injury of other and unspecified nature, with no loss of consciousness"
"80392  ","Other open skull fracture with intracranial injury of other and unspecified nature, with brief [less than one hour] loss of consciousness"
"80393  ","Other open skull fracture with intracranial injury of other and unspecified nature, with moderate [1-24 hours] loss of consciousness"
"80394  ","Other open skull fracture with intracranial injury of other and unspecified nature, with prolonged [more than 24 hours] loss of consciousness and return to pre-existing conscious level"
"80395  ","Other open skull fracture with intracranial injury of other and unspecified nature, with prolonged [more than 24 hours] loss of consciousness, without return to pre-existing conscious level"
"80396  ","Other open skull fracture with intracranial injury of other and unspecified nature, with loss of consciousness of unspecified duration"
"80399  ","Other open skull fracture with intracranial injury of other and unspecified nature, with concussion, unspecified"
"80400  ","Closed fractures involving skull or face with other bones, without mention of intracranial injury, unspecified state of consciousness"
"80401  ","Closed fractures involving skull or face with other bones, without mention of intracranial injury, with no loss of consciousness"
"80402  ","Closed fractures involving skull or face with other bones, without mention of intracranial injury, with brief [less than one hour] loss of consciousness"
"80403  ","Closed fractures involving skull or face with other bones, without mention of intracranial injury, with moderate [1-24 hours] loss of consciousness"
"80404  ","Closed fractures involving skull or face with other bones, without mention or intracranial injury, with prolonged [more than 24 hours] loss of consciousness and return to pre-existing conscious level"
"80405  ","Closed fractures involving skull of face with other bones, without mention of intracranial injury, with prolonged [more than 24 hours] loss of consciousness, without return to pre-existing conscious level"
"80406  ","Closed fractures involving skull of face with other bones, without mention of intracranial injury, with loss of consciousness of unspecified duration"
"80409  ","Closed fractures involving skull of face with other bones, without mention of intracranial injury, with concussion, unspecified"
"80430  ","Closed fractures involving skull or face with other bones, with other and unspecified intracranial hemorrhage, unspecified state of consciousness"
"80431  ","Closed fractures involving skull or face with other bones, with other and unspecified intracranial hemorrhage, with no loss of consciousness"
"80432  ","Closed fractures involving skull or face with other bones, with other and unspecified intracranial hemorrhage, with brief [less than one hour] loss of consciousness"
"80433  ","Closed fractures involving skull or face with other bones, with other and unspecified intracranial hemorrhage, with moderate [1-24 hours] loss of consciousness"
"80434  ","Closed fractures involving skull or face with other bones, with other and unspecified intracranial hemorrhage, with prolonged [more than 24 hours] loss of consciousness and return to pre- existing conscious level"
"80435  ","Closed fractures involving skull or face with other bones, with other and unspecified intracranial hemorrhage, with prolonged [more than 24 hours] loss of consciousness, without return to pre-existing conscious level"
"80436  ","Closed fractures involving skull or face with other bones, with other and unspecified intracranial hemorrhage, with loss of consciousness of unspecified duration"
"80439  ","Closed fractures involving skull or face with other bones, with other and unspecified intracranial hemorrhage, with concussion, unspecified"
"80440  ","Closed fractures involving skull or face with other bones, with intracranial injury of other and unspecified nature, unspecified state of consciousness"
"80441  ","Closed fractures involving skull or face with other bones, with intracranial injury of other and unspecified nature, with no loss of consciousness"
"80442  ","Closed fractures involving skull or face with other bones, with intracranial injury of other and unspecified nature, with brief [less than one hour] loss of consciousness"
"80443  ","Closed fractures involving skull or face with other bones, with intracranial injury of other and unspecified nature, with moderate [1-24 hours] loss of consciousness"
"80444  ","Closed fractures involving skull or face with other bones, with intracranial injury of other and unspecified nature, with prolonged [more than 24 hours] loss of consciousness and return to pre-existing conscious level"
"80445  ","Closed fractures involving skull or face with other bones, with intracranial injury of other and unspecified nature, with prolonged [more than 24 hours] loss of consciousness, without return to pre-existing conscious level"
"80446  ","Closed fractures involving skull or face with other bones, with intracranial injury of other and unspecified nature, with loss of consciousness of unspecified duration"
"80449  ","Closed fractures involving skull or face with other bones, with intracranial injury of other and unspecified nature, with concussion, unspecified"
"80450  ","Open fractures involving skull or face with other bones, without mention of intracranial injury, unspecified state of consciousness"
"80451  ","Open fractures involving skull or face with other bones, without mention of intracranial injury, with no loss of consciousness"
"80452  ","Open fractures involving skull or face with other bones, without mention of intracranial injury, with brief [less than one hour] loss of consciousness"
"80453  ","Open fractures involving skull or face with other bones, without mention of intracranial injury, with moderate [1-24 hours] loss of consciousness"
"80454  ","Open fractures involving skull or face with other bones, without mention of intracranial injury, with prolonged [more than 24 hours] loss of consciousness and return to pre-existing conscious level"
"80455  ","Open fractures involving skull or face with other bones, without mention of intracranial injury, with prolonged [more than 24 hours] loss of consciousness, without return to pre-existing conscious level"
"80456  ","Open fractures involving skull or face with other bones, without mention of intracranial injury, with loss of consciousness of unspecified duration"
"80459  ","Open fractures involving skull or face with other bones, without mention of intracranial injury, with concussion, unspecified"
"80480  ","Open fractures involving skull or face with other bones, with other and unspecified intracranial hemorrhage, unspecified state of consciousness"
"80481  ","Open fractures involving skull or face with other bones, with other and unspecified intracranial hemorrhage, with no loss of consciousness"
"80482  ","Open fractures involving skull or face with other bones, with other and unspecified intracranial hemorrhage, with brief [less than one hour] loss of consciousness"
"80483  ","Open fractures involving skull or face with other bones, with other and unspecified intracranial hemorrhage, with moderate [1-24 hours] loss of consciousness"
"80484  ","Open fractures involving skull or face with other bones, with other and unspecified intracranial hemorrhage, with prolonged [more than 24 hours] loss of consciousness and return to pre-existing conscious level"
"80485  ","Open fractures involving skull or face with other bones, with other and unspecified intracranial hemorrhage, with prolonged [more than 24 hours] loss consciousness, without return to pre-existing conscious level"
"80486  ","Open fractures involving skull or face with other bones, with other and unspecified intracranial hemorrhage, with loss of consciousness of unspecified duration"
"80489  ","Open fractures involving skull or face with other bones, with other and unspecified intracranial hemorrhage, with concussion, unspecified"
"80490  ","Open fractures involving skull or face with other bones, with intracranial injury of other and unspecified nature, unspecified state of consciousness"
"80491  ","Open fractures involving skull or face with other bones, with intracranial injury of other and unspecified nature, with no loss of consciousness"
"80492  ","Open fractures involving skull or face with other bones, with intracranial injury of other and unspecified nature, with brief [less than one hour] loss of consciousness"
"80493  ","Open fractures involving skull or face with other bones, with intracranial injury of other and unspecified nature, with moderate [1-24 hours] loss of consciousness"
"80494  ","Open fractures involving skull or face with other bones, with intracranial injury of other and unspecified nature, with prolonged [more than 24 hours] loss of consciousness and return to pre-existing conscious level"
"80495  ","Open fractures involving skull or face with other bones, with intracranial injury of other and unspecified nature, with prolonged [more than 24 hours] loss of consciousness without return to pre-existing conscious level"
"80496  ","Open fractures involving skull or face with other bones, with intracranial injury of other and unspecified nature, with loss of consciousness of unspecified duration"
"80499  ","Open fractures involving skull or face with other bones, with intracranial injury of other and unspecified nature, with concussion, unspecified"
"85100  ","Cortex (cerebral) contusion without mention of open intracranial wound, unspecified state of consciousness"
"85101  ","Cortex (cerebral) contusion without mention of open intracranial wound, with no loss of consciousness"
"85102  ","Cortex (cerebral) contusion without mention of open intracranial wound, with brief [less than one hour] loss of consciousness"
"85103  ","Cortex (cerebral) contusion without mention of open intracranial wound, with moderate [1-24 hours] loss of consciousness"
"85104  ","Cortex (cerebral) contusion without mention of open intracranial wound, with prolonged [more than 24 hours] loss of consciousness and return to pre-existing conscious level"
"85105  ","Cortex (cerebral) contusion without mention of open intracranial wound, with prolonged [more than 24 hours] loss of consciousness without return to pre-existing conscious level"
"85106  ","Cortex (cerebral) contusion without mention of open intracranial wound, with loss of consciousness of unspecified duration"
"85109  ","Cortex (cerebral) contusion without mention of open intracranial wound, with concussion, unspecified"
"85110  ","Cortex (cerebral) contusion with open intracranial wound, unspecified state of consciousness"
"85111  ","Cortex (cerebral) contusion with open intracranial wound, with no loss of consciousness"
"85112  ","Cortex (cerebral) contusion with open intracranial wound, with brief [less than one hour] loss of consciousness"
"85113  ","Cortex (cerebral) contusion with open intracranial wound, with moderate [1-24 hours] loss of consciousness"
"85114  ","Cortex (cerebral) contusion with open intracranial wound, with prolonged [more than 24 hours] loss of consciousness and return to pre-existing conscious level"
"85115  ","Cortex (cerebral) contusion with open intracranial wound, with prolonged [more than 24 hours] loss of consciousness without return to pre-existing conscious level"
"85116  ","Cortex (cerebral) contusion with open intracranial wound, with loss of consciousness of unspecified duration"
"85119  ","Cortex (cerebral) contusion with open intracranial wound, with concussion, unspecified"
"85120  ","Cortex (cerebral) laceration without mention of open intracranial wound, unspecified state of consciousness"
"85121  ","Cortex (cerebral) laceration without mention of open intracranial wound, with no loss of consciousness"
"85122  ","Cortex (cerebral) laceration without mention of open intracranial wound, with brief [less than one hour] loss of consciousness"
"85123  ","Cortex (cerebral) laceration without mention of open intracranial wound, with moderate [1-24 hours] loss of consciousness"
"85124  ","Cortex (cerebral) laceration without mention of open intracranial wound, with prolonged [more than 24 hours] loss of consciousness and return to pre-existing conscious level"
"85125  ","Cortex (cerebral) laceration without mention of open intracranial wound, with prolonged [more than 24 hours] loss of consciousness without return to pre-existing conscious level"
"85126  ","Cortex (cerebral) laceration without mention of open intracranial wound, with loss of consciousness of unspecified duration"
"85129  ","Cortex (cerebral) laceration without mention of open intracranial wound, with concussion, unspecified"
"85130  ","Cortex (cerebral) laceration with open intracranial wound, unspecified state of consciousness"
"85131  ","Cortex (cerebral) laceration with open intracranial wound, with no loss of consciousness"
"85132  ","Cortex (cerebral) laceration with open intracranial wound, with brief [less than one hour] loss of consciousness"
"85133  ","Cortex (cerebral) laceration with open intracranial wound, with moderate [1-24 hours] loss of consciousness"
"85134  ","Cortex (cerebral) laceration with open intracranial wound, with prolonged [more than 24 hours] loss of consciousness and return to pre-existing conscious level"
"85135  ","Cortex (cerebral) laceration with open intracranial wound, with prolonged [more than 24 hours] loss of consciousness without return to pre-existing conscious level"
"85136  ","Cortex (cerebral) laceration with open intracranial wound, with loss of consciousness of unspecified duration"
"85139  ","Cortex (cerebral) laceration with open intracranial wound, with concussion, unspecified"
"85140  ","Cerebellar or brain stem contusion without mention of open intracranial wound, unspecified state of consciousness"
"85141  ","Cerebellar or brain stem contusion without mention of open intracranial wound, with no loss of consciousness"
"85142  ","Cerebellar or brain stem contusion without mention of open intracranial wound, with brief [less than one hour] loss of consciousness"
"85143  ","Cerebellar or brain stem contusion without mention of open intracranial wound, with moderate [1-24 hours] loss of consciousness"
"85144  ","Cerebellar or brain stem contusion without mention of open intracranial wound, with prolonged [more than 24 hours] loss consciousness and return to pre-existing conscious level"
"85145  ","Cerebellar or brain stem contusion without mention of open intracranial wound, with prolonged [more than 24 hours] loss of consciousness without return to pre-existing conscious level"
"85146  ","Cerebellar or brain stem contusion without mention of open intracranial wound, with loss of consciousness of unspecified duration"
"85149  ","Cerebellar or brain stem contusion without mention of open intracranial wound, with concussion, unspecified"
"85150  ","Cerebellar or brain stem contusion with open intracranial wound, unspecified state of consciousness"
"85151  ","Cerebellar or brain stem contusion with open intracranial wound, with no loss of consciousness"
"85152  ","Cerebellar or brain stem contusion with open intracranial wound, with brief [less than one hour] loss of consciousness"
"85153  ","Cerebellar or brain stem contusion with open intracranial wound, with moderate [1-24 hours] loss of consciousness"
"85154  ","Cerebellar or brain stem contusion with open intracranial wound, with prolonged [more than 24 hours] loss of consciousness and return to pre-existing conscious level"
"85155  ","Cerebellar or brain stem contusion with open intracranial wound, with prolonged [more than 24 hours] loss of consciousness without return to pre-existing conscious level"
"85156  ","Cerebellar or brain stem contusion with open intracranial wound, with loss of consciousness of unspecified duration"
"85159  ","Cerebellar or brain stem contusion with open intracranial wound, with concussion, unspecified"
"85160  ","Cerebellar or brain stem laceration without mention of open intracranial wound, unspecified state of consciousness"
"85161  ","Cerebellar or brain stem laceration without mention of open intracranial wound, with no loss of consciousness"
"85162  ","Cerebellar or brain stem laceration without mention of open intracranial wound, with brief [less than 1 hour] loss of consciousness"
"85163  ","Cerebellar or brain stem laceration without mention of open intracranial wound, with moderate [1-24 hours] loss of consciousness"
"85164  ","Cerebellar or brain stem laceration without mention of open intracranial wound, with prolonged [more than 24 hours] loss of consciousness and return to pre-existing conscious level"
"85165  ","Cerebellar or brain stem laceration without mention of open intracranial wound, with prolonged [more than 24 hours] loss of consciousness without return to pre-existing conscious level"
"85166  ","Cerebellar or brain stem laceration without mention of open intracranial wound, with loss of consciousness of unspecified duration"
"85169  ","Cerebellar or brain stem laceration without mention of open intracranial wound, with concussion, unspecified"
"85170  ","Cerebellar or brain stem laceration with open intracranial wound, unspecified state of consciousness"
"85171  ","Cerebellar or brain stem laceration with open intracranial wound, with no loss of consciousness"
"85172  ","Cerebellar or brain stem laceration with open intracranial wound, with brief [less than one hour] loss of consciousness"
"85173  ","Cerebellar or brain stem laceration with open intracranial wound, with moderate [1-24 hours] loss of consciousness"
"85174  ","Cerebellar or brain stem laceration with open intracranial wound, with prolonged [more than 24 hours] loss of consciousness and return to pre-existing conscious level"
"85175  ","Cerebellar or brain stem laceration with open intracranial wound, with prolonged [more than 24 hours] loss of consciousness without return to pre-existing conscious level"
"85176  ","Cerebellar or brain stem laceration with open intracranial wound, with loss of consciousness of unspecified duration"
"85179  ","Cerebellar or brain stem laceration with open intracranial wound, with concussion, unspecified"
"85180  ","Other and unspecified cerebral laceration and contusion, without mention of open intracranial wound, unspecified state of consciousness"
"85181  ","Other and unspecified cerebral laceration and contusion, without mention of open intracranial wound, with no loss of consciousness"
"85182  ","Other and unspecified cerebral laceration and contusion, without mention of open intracranial wound, with brief [less than one hour] loss of consciousness"
"85183  ","Other and unspecified cerebral laceration and contusion, without mention of open intracranial wound, with moderate [1-24 hours] loss of consciousness"
"85184  ","Other and unspecified cerebral laceration and contusion, without mention of open intracranial wound, with prolonged [more than 24 hours] loss of consciousness and return to pre- existing conscious level"
"85185  ","Other and unspecified cerebral laceration and contusion, without mention of open intracranial wound, with prolonged [more than 24 hours] loss of consciousness without return to pre-existing conscious level"
"85186  ","Other and unspecified cerebral laceration and contusion, without mention of open intracranial wound, with loss of consciousness of unspecified duration"
"85189  ","Other and unspecified cerebral laceration and contusion, without mention of open intracranial wound, with concussion, unspecified"
"85190  ","Other and unspecified cerebral laceration and contusion, with open intracranial wound, unspecified state of consciousness"
"85191  ","Other and unspecified cerebral laceration and contusion, with open intracranial wound, with no loss of consciousness"
"85192  ","Other and unspecified cerebral laceration and contusion, with open intracranial wound, with brief [less than one hour] loss of consciousness"
"85193  ","Other and unspecified cerebral laceration and contusion, with open intracranial wound, with moderate [1-24 hours] loss of consciousness"
"85194  ","Other and unspecified cerebral laceration and contusion, with open intracranial wound, with prolonged [more than 24 hours] loss of consciousness and return to pre-existing conscious level"
"85195  ","Other and unspecified cerebral laceration and contusion, with open intracranial wound, with prolonged [more than 24 hours] loss of consciousness without return to pre-existing conscious level"
"85196  ","Other and unspecified cerebral laceration and contusion, with open intracranial wound, with loss of consciousness of unspecified duration"
"85199  ","Other and unspecified cerebral laceration and contusion, with open intracranial wound, with concussion, unspecified"
"85200  ","Subarachnoid hemorrhage following injury without mention of open intracranial wound, unspecified state of consciousness"
"85201  ","Subarachnoid hemorrhage following injury without mention of open intracranial wound, with no loss of consciousness"
"85202  ","Subarachnoid hemorrhage following injury without mention of open intracranial wound, with brief [less than one hour] loss of consciousness"
"85203  ","Subarachnoid hemorrhage following injury without mention of open intracranial wound, with moderate [1-24 hours] loss of consciousness"
"85204  ","Subarachnoid hemorrhage following injury without mention of open intracranial wound, with prolonged [more than 24 hours] loss of consciousness and return to pre-existing conscious level"
"85205  ","Subarachnoid hemorrhage following injury without mention of open intracranial wound, with prolonged [more than 24 hours] loss of consciousness without return to pre-existing conscious level"
"85206  ","Subarachnoid hemorrhage following injury without mention of open intracranial wound, with loss of consciousness of unspecified duration"
"85209  ","Subarachnoid hemorrhage following injury without mention of open intracranial wound, with concussion, unspecified"
"85210  ","Subarachnoid hemorrhage following injury with open intracranial wound, unspecified state of consciousness"
"85211  ","Subarachnoid hemorrhage following injury with open intracranial wound, with no loss of consciousness"
"85212  ","Subarachnoid hemorrhage following injury with open intracranial wound, with brief [less than one hour] loss of consciousness"
"85213  ","Subarachnoid hemorrhage following injury with open intracranial wound, with moderate [1-24 hours] loss of consciousness"
"85214  ","Subarachnoid hemorrhage following injury with open intracranial wound, with prolonged [more than 24 hours) loss of consciousness and return to pre-existing conscious level"
"85215  ","Subarachnoid hemorrhage following injury with open intracranial wound, with prolonged [more than 24 hours] loss of consciousness without return to pre-existing conscious level"
"85216  ","Subarachnoid hemorrhage following injury with open intracranial wound, with loss of consciousness of unspecified duration"
"85219  ","Subarachnoid hemorrhage following injury with open intracranial wound, with concussion, unspecified"
"85220  ","Subdural hemorrhage following injury without mention of open intracranial wound, unspecified state of consciousness"
"85221  ","Subdural hemorrhage following injury without mention of open intracranial wound, with no loss of consciousness"
"85222  ","Subdural hemorrhage following injury without mention of open intracranial wound, with brief [less than one hour] loss of consciousness"
"85223  ","Subdural hemorrhage following injury without mention of open intracranial wound, with moderate [1-24 hours] loss of consciousness"
"85224  ","Subdural hemorrhage following injury without mention of open intracranial wound, with prolonged [more than 24 hours] loss of consciousness and return to pre-existing conscious level"
"85225  ","Subdural hemorrhage following injury without mention of open intracranial wound, with prolonged [more than 24 hours] loss of consciousness without return to pre-existing conscious level"
"85226  ","Subdural hemorrhage following injury without mention of open intracranial wound, with loss of consciousness of unspecified duration"
"85229  ","Subdural hemorrhage following injury without mention of open intracranial wound, with concussion, unspecified"
"85230  ","Subdural hemorrhage following injury with open intracranial wound, unspecified state of consciousness"
"85231  ","Subdural hemorrhage following injury with open intracranial wound, with no loss of consciousness"
"85232  ","Subdural hemorrhage following injury with open intracranial wound, with brief [less than one hour] loss of consciousness"
"85233  ","Subdural hemorrhage following injury with open intracranial wound, with moderate [1-24 hours] loss of consciousness"
"85234  ","Subdural hemorrhage following injury with open intracranial wound, with prolonged [more than 24 hours] loss of consciousness and return to pre-existing conscious level"
"85235  ","Subdural hemorrhage following injury with open intracranial wound, with prolonged [more than 24 hours] loss of consciousness without return to pre-existing conscious level"
"85236  ","Subdural hemorrhage following injury with open intracranial wound, with loss of consciousness of unspecified duration"
"85239  ","Subdural hemorrhage following injury with open intracranial wound, with concussion, unspecified"
"85240  ","Extradural hemorrhage following injury without mention of open intracranial wound, unspecified state of consciousness"
"85241  ","Extradural hemorrhage following injury without mention of open intracranial wound, with no loss of consciousness"
"85242  ","Extradural hemorrhage following injury without mention of open intracranial wound, with brief [less than 1 hour] loss of consciousness"
"85243  ","Extradural hemorrhage following injury without mention of open intracranial wound, with moderate [1-24 hours] loss of consciousness"
"85244  ","Extradural hemorrhage following injury without mention of open intracranial wound, with prolonged [more than 24 hours] loss of consciousness and return to pre-existing conscious level"
"85245  ","Extradural hemorrhage following injury without mention of open intracranial wound, with prolonged [more than 24 hours] loss of consciousness without return to pre-existing conscious level"
"85246  ","Extradural hemorrhage following injury without mention of open intracranial wound, with loss of consciousness of unspecified duration"
"85249  ","Extradural hemorrhage following injury without mention of open intracranial wound, with concussion, unspecified"
"85250  ","Extradural hemorrhage following injury with open intracranial wound, unspecified state of consciousness"
"85251  ","Extradural hemorrhage following injury with open intracranial wound, with no loss of consciousness"
"85252  ","Extradural hemorrhage following injury with open intracranial wound, with brief [less than one hour] loss of consciousness"
"85253  ","Extradural hemorrhage following injury with open intracranial wound, with moderate [1-24 hours] loss of consciousness"
"85254  ","Extradural hemorrhage following injury with open intracranial wound, with prolonged [more than 24 hours] loss of consciousness and return to pre-existing conscious level"
"85255  ","Extradural hemorrhage following injury with open intracranial wound, with prolonged [more than 24 hours] loss of consciousness without return to pre-existing conscious level"
"85256  ","Extradural hemorrhage following injury with open intracranial wound, with loss of consciousness of unspecified duration"
"85259  ","Extradural hemorrhage following injury with open intracranial wound, with concussion, unspecified"
"85300  ","Other and unspecified intracranial hemorrhage following injury without mention of open intracranial wound, unspecified state of consciousness"
"85301  ","Other and unspecified intracranial hemorrhage following injury without mention of open intracranial wound, with no loss of consciousness"
"85302  ","Other and unspecified intracranial hemorrhage following injury without mention of open intracranial wound, with brief [less than one hour] loss of consciousness"
"85303  ","Other and unspecified intracranial hemorrhage following injury without mention of open intracranial wound, with moderate [1-24 hours] loss of consciousness"
"85304  ","Other and unspecified intracranial hemorrhage following injury without mention of open intracranial wound, with prolonged [more than 24 hours] loss of consciousness and return to pre- existing conscious level"
"85305  ","Other and unspecified intracranial hemorrhage following injury without mention of open intracranial wound, with prolonged [more than 24 hours] loss of consciousness without return to pre-existing conscious level"
"85306  ","Other and unspecified intracranial hemorrhage following injury without mention of open intracranial wound, with loss of consciousness of unspecified duration"
"85309  ","Other and unspecified intracranial hemorrhage following injury without mention of open intracranial wound, with concussion, unspecified"
"85310  ","Other and unspecified intracranial hemorrhage following injury with open intracranial wound, unspecified state of consciousness"
"85311  ","Other and unspecified intracranial hemorrhage following injury with open intracranial wound, with no loss of consciousness"
"85312  ","Other and unspecified intracranial hemorrhage following injury with open intracranial wound, with brief [less than one hour] loss of consciousness"
"85313  ","Other and unspecified intracranial hemorrhage following injury with open intracranial wound, with moderate [1-24 hours] loss of consciousness"
"85314  ","Other and unspecified intracranial hemorrhage following injury with open intracranial wound, with prolonged [more than 24 hours] loss of consciousness and return to pre-existing conscious level"
"85315  ","Other and unspecified intracranial hemorrhage following injury with open intracranial wound, with prolonged [more than 24 hours] loss of consciousness without return to pre-existing conscious level"
"85316  ","Other and unspecified intracranial hemorrhage following injury with open intracranial wound, with loss of consciousness of unspecified duration"
"85319  ","Other and unspecified intracranial hemorrhage following injury with open intracranial wound, with concussion, unspecified"
"85400  ","Intracranial injury of other and unspecified nature without mention of open intracranial wound, unspecified state of consciousness"
"85401  ","Intracranial injury of other and unspecified nature without mention of open intracranial wound, with no loss of consciousness"
"85402  ","Intracranial injury of other and unspecified nature without mention of open intracranial wound, with brief [less than one hour] loss of consciousness"
"85403  ","Intracranial injury of other and unspecified nature without mention of open intracranial wound, with moderate [1-24 hours] loss of consciousness"
"85404  ","Intracranial injury of other and unspecified nature without mention of open intracranial wound, with prolonged [more than 24 hours] loss of consciousness and return to pre-existing conscious level"
"85405  ","Intracranial injury of other and unspecified nature without mention of open intracranial wound, with prolonged [more than 24 hours] loss of consciousness without return to pre-existing conscious level"
"85406  ","Intracranial injury of other and unspecified nature without mention of open intracranial wound, with loss of consciousness of unspecified duration"
"85409  ","Intracranial injury of other and unspecified nature without mention of open intracranial wound, with concussion, unspecified"
"85410  ","Intracranial injury of other and unspecified nature with open intracranial wound, unspecified state of consciousness"
"85411  ","Intracranial injury of other and unspecified nature with open intracranial wound, with no loss of consciousness"
"85412  ","Intracranial injury of other and unspecified nature with open intracranial wound, with brief [less than one hour] loss of consciousness"
"85413  ","Intracranial injury of other and unspecified nature with open intracranial wound, with moderate [1-24 hours] loss of consciousness"
"85414  ","Intracranial injury of other and unspecified nature with open intracranial wound, with prolonged [more than 24 hours] loss of consciousness and return to pre-existing conscious level"
"85415  ","Intracranial injury of other and unspecified nature with open intracranial wound, with prolonged [more than 24 hours] loss of consciousness without return to pre-existing conscious level"
"85416  ","Intracranial injury of other and unspecified nature with open intracranial wound, with loss of consciousness of unspecified duration"
"85419  ","Intracranial injury of other and unspecified nature with open intracranial wound, with concussion, unspecified"
"9070   ","Late effect of intracranial injury without mention of skull fracture"
"D1802  ","Hemangioma of intracranial structures"
"G932   ","Benign intracranial hypertension"
"H4711  ","Papilledema associated with increased intracranial pressure"
"I606   ","Nontraumatic subarachnoid hemorrhage from other intracranial arteries"
"I607   ","Nontraumatic subarachnoid hemorrhage from unspecified intracranial artery"
"I62    ","Other and unspecified nontraumatic intracranial hemorrhage"
"I629   ","Nontraumatic intracranial hemorrhage, unspecified"
"I676   ","Nonpyogenic thrombosis of intracranial venous system"
"I692   ","Sequelae of other nontraumatic intracranial hemorrhage"
"I6920  ","Unspecified sequelae of other nontraumatic intracranial hemorrhage"
"I6921  ","Cognitive deficits following other nontraumatic intracranial hemorrhage"
"I69210 ","Attention and concentration deficit following other nontraumatic intracranial hemorrhage"
"I69211 ","Memory deficit following other nontraumatic intracranial hemorrhage"
"I69212 ","Visuospatial deficit and spatial neglect following other nontraumatic intracranial hemorrhage"
"I69213 ","Psychomotor deficit following other nontraumatic intracranial hemorrhage"
"I69214 ","Frontal lobe and executive function deficit following other nontraumatic intracranial hemorrhage"
"I69215 ","Cognitive social or emotional deficit following other nontraumatic intracranial hemorrhage"
"I69218 ","Other symptoms and signs involving cognitive functions following other nontraumatic intracranial hemorrhage"
"I69219 ","Unspecified symptoms and signs involving cognitive functions following other nontraumatic intracranial hemorrhage"
"I6922  ","Speech and language deficits following other nontraumatic intracranial hemorrhage"
"I69220 ","Aphasia following other nontraumatic intracranial hemorrhage"
"I69221 ","Dysphasia following other nontraumatic intracranial hemorrhage"
"I69222 ","Dysarthria following other nontraumatic intracranial hemorrhage"
"I69223 ","Fluency disorder following other nontraumatic intracranial hemorrhage"
"I69228 ","Other speech and language deficits following other nontraumatic intracranial hemorrhage"
"I6923  ","Monoplegia of upper limb following other nontraumatic intracranial hemorrhage"
"I69231 ","Monoplegia of upper limb following other nontraumatic intracranial hemorrhage affecting right dominant side"
"I69232 ","Monoplegia of upper limb following other nontraumatic intracranial hemorrhage affecting left dominant side"
"I69233 ","Monoplegia of upper limb following other nontraumatic intracranial hemorrhage affecting right non-dominant side"
"I69234 ","Monoplegia of upper limb following other nontraumatic intracranial hemorrhage affecting left non-dominant side"
"I69239 ","Monoplegia of upper limb following other nontraumatic intracranial hemorrhage affecting unspecified side"
"I6924  ","Monoplegia of lower limb following other nontraumatic intracranial hemorrhage"
"I69241 ","Monoplegia of lower limb following other nontraumatic intracranial hemorrhage affecting right dominant side"
"I69242 ","Monoplegia of lower limb following other nontraumatic intracranial hemorrhage affecting left dominant side"
"I69243 ","Monoplegia of lower limb following other nontraumatic intracranial hemorrhage affecting right non-dominant side"
"I69244 ","Monoplegia of lower limb following other nontraumatic intracranial hemorrhage affecting left non-dominant side"
"I69249 ","Monoplegia of lower limb following other nontraumatic intracranial hemorrhage affecting unspecified side"
"I6925  ","Hemiplegia and hemiparesis following other nontraumatic intracranial hemorrhage"
"I69251 ","Hemiplegia and hemiparesis following other nontraumatic intracranial hemorrhage affecting right dominant side"
"I69252 ","Hemiplegia and hemiparesis following other nontraumatic intracranial hemorrhage affecting left dominant side"
"I69253 ","Hemiplegia and hemiparesis following other nontraumatic intracranial hemorrhage affecting right non-dominant side"
"I69254 ","Hemiplegia and hemiparesis following other nontraumatic intracranial hemorrhage affecting left non-dominant side"
"I69259 ","Hemiplegia and hemiparesis following other nontraumatic intracranial hemorrhage affecting unspecified side"
"I6926  ","Other paralytic syndrome following other nontraumatic intracranial hemorrhage"
"I69261 ","Other paralytic syndrome following other nontraumatic intracranial hemorrhage affecting right dominant side"
"I69262 ","Other paralytic syndrome following other nontraumatic intracranial hemorrhage affecting left dominant side"
"I69263 ","Other paralytic syndrome following other nontraumatic intracranial hemorrhage affecting right non-dominant side"
"I69264 ","Other paralytic syndrome following other nontraumatic intracranial hemorrhage affecting left non-dominant side"
"I69265 ","Other paralytic syndrome following other nontraumatic intracranial hemorrhage, bilateral"
"I69269 ","Other paralytic syndrome following other nontraumatic intracranial hemorrhage affecting unspecified side"
"I6929  ","Other sequelae of other nontraumatic intracranial hemorrhage"
"I69290 ","Apraxia following other nontraumatic intracranial hemorrhage"
"I69291 ","Dysphagia following other nontraumatic intracranial hemorrhage"
"I69292 ","Facial weakness following other nontraumatic intracranial hemorrhage"
"I69293 ","Ataxia following other nontraumatic intracranial hemorrhage"
"I69298 ","Other sequelae of other nontraumatic intracranial hemorrhage"
"I8500  ","Esophageal varices without bleeding"
"I8501  ","Esophageal varices with bleeding"
"I8510  ","Secondary esophageal varices without bleeding"
"I8511  ","Secondary esophageal varices with bleeding"
"K2210  ","Ulcer of esophagus without bleeding"
"K2211  ","Ulcer of esophagus with bleeding"
"K2900  ","Acute gastritis without bleeding"
"K2901  ","Acute gastritis with bleeding"
"K2920  ","Alcoholic gastritis without bleeding"
"K2921  ","Alcoholic gastritis with bleeding"
"K2930  ","Chronic superficial gastritis without bleeding"
"K2931  ","Chronic superficial gastritis with bleeding"
"K2940  ","Chronic atrophic gastritis without bleeding"
"K2941  ","Chronic atrophic gastritis with bleeding"
"K2950  ","Unspecified chronic gastritis without bleeding"
"K2951  ","Unspecified chronic gastritis with bleeding"
"K2960  ","Other gastritis without bleeding"
"K2961  ","Other gastritis with bleeding"
"K2970  ","Gastritis, unspecified, without bleeding"
"K2971  ","Gastritis, unspecified, with bleeding"
"K2980  ","Duodenitis without bleeding"
"K2981  ","Duodenitis with bleeding"
"K2990  ","Gastroduodenitis, unspecified, without bleeding"
"K2991  ","Gastroduodenitis, unspecified, with bleeding"
"K31811 ","Angiodysplasia of stomach and duodenum with bleeding"
"K31819 ","Angiodysplasia of stomach and duodenum without bleeding"
"K50011 ","Crohn's disease of small intestine with rectal bleeding"
"K50111 ","Crohn's disease of large intestine with rectal bleeding"
"K50811 ","Crohn's disease of both small and large intestine with rectal bleeding"
"K50911 ","Crohn's disease, unspecified, with rectal bleeding"
"K51011 ","Ulcerative (chronic) pancolitis with rectal bleeding"
"K51211 ","Ulcerative (chronic) proctitis with rectal bleeding"
"K51311 ","Ulcerative (chronic) rectosigmoiditis with rectal bleeding"
"K51411 ","Inflammatory polyps of colon with rectal bleeding"
"K51511 ","Left sided colitis with rectal bleeding"
"K51811 ","Other ulcerative colitis with rectal bleeding"
"K51911 ","Ulcerative colitis, unspecified with rectal bleeding"
"K5700  ","Diverticulitis of small intestine with perforation and abscess without bleeding"
"K5701  ","Diverticulitis of small intestine with perforation and abscess with bleeding"
"K5710  ","Diverticulosis of small intestine without perforation or abscess without bleeding"
"K5711  ","Diverticulosis of small intestine without perforation or abscess with bleeding"
"K5712  ","Diverticulitis of small intestine without perforation or abscess without bleeding"
"K5713  ","Diverticulitis of small intestine without perforation or abscess with bleeding"
"K5720  ","Diverticulitis of large intestine with perforation and abscess without bleeding"
"K5721  ","Diverticulitis of large intestine with perforation and abscess with bleeding"
"K5730  ","Diverticulosis of large intestine without perforation or abscess without bleeding"
"K5731  ","Diverticulosis of large intestine without perforation or abscess with bleeding"
"K5732  ","Diverticulitis of large intestine without perforation or abscess without bleeding"
"K5733  ","Diverticulitis of large intestine without perforation or abscess with bleeding"
"K5740  ","Diverticulitis of both small and large intestine with perforation and abscess without bleeding"
"K5741  ","Diverticulitis of both small and large intestine with perforation and abscess with bleeding"
"K5750  ","Diverticulosis of both small and large intestine without perforation or abscess without bleeding"
"K5751  ","Diverticulosis of both small and large intestine without perforation or abscess with bleeding"
"K5752  ","Diverticulitis of both small and large intestine without perforation or abscess without bleeding"
"K5753  ","Diverticulitis of both small and large intestine without perforation or abscess with bleeding"
"K5780  ","Diverticulitis of intestine, part unspecified, with perforation and abscess without bleeding"
"K5781  ","Diverticulitis of intestine, part unspecified, with perforation and abscess with bleeding"
"K5790  ","Diverticulosis of intestine, part unspecified, without perforation or abscess without bleeding"
"K5791  ","Diverticulosis of intestine, part unspecified, without perforation or abscess with bleeding"
"K5792  ","Diverticulitis of intestine, part unspecified, without perforation or abscess without bleeding"
"K5793  ","Diverticulitis of intestine, part unspecified, without perforation or abscess with bleeding"
"N923   ","Ovulation bleeding"
"N93    ","Other abnormal uterine and vaginal bleeding"
"N930   ","Postcoital and contact bleeding"
"N931   ","Pre-pubertal vaginal bleeding"
"N938   ","Other specified abnormal uterine and vaginal bleeding"
"N950   ","Postmenopausal bleeding"
"P108   ","Other intracranial lacerations and hemorrhages due to birth injury"
"P109   ","Unspecified intracranial laceration and hemorrhage due to birth injury"
"P528   ","Other intracranial (nontraumatic) hemorrhages of newborn"
"P581   ","Neonatal jaundice due to bleeding"
"S068   ","Other specified intracranial injuries"
"S0681  ","Injury of right internal carotid artery, intracranial portion, not elsewhere classified"
"S06810 ","Injury of right internal carotid artery, intracranial portion, not elsewhere classified without loss of consciousness"
"S06810A","Injury of right internal carotid artery, intracranial portion, not elsewhere classified without loss of consciousness, initial encounter"
"S06810D","Injury of right internal carotid artery, intracranial portion, not elsewhere classified without loss of consciousness, subsequent encounter"
"S06810S","Injury of right internal carotid artery, intracranial portion, not elsewhere classified without loss of consciousness, sequela"
"S06811 ","Injury of right internal carotid artery, intracranial portion, not elsewhere classified with loss of consciousness of 30 minutes or less"
"S06811A","Injury of right internal carotid artery, intracranial portion, not elsewhere classified with loss of consciousness of 30 minutes or less, initial encounter"
"S06811D","Injury of right internal carotid artery, intracranial portion, not elsewhere classified with loss of consciousness of 30 minutes or less, subsequent encounter"
"S06811S","Injury of right internal carotid artery, intracranial portion, not elsewhere classified with loss of consciousness of 30 minutes or less, sequela"
"S06812 ","Injury of right internal carotid artery, intracranial portion, not elsewhere classified with loss of consciousness of 31 minutes to 59 minutes"
"S06812A","Injury of right internal carotid artery, intracranial portion, not elsewhere classified with loss of consciousness of 31 minutes to 59 minutes, initial encounter"
"S06812D","Injury of right internal carotid artery, intracranial portion, not elsewhere classified with loss of consciousness of 31 minutes to 59 minutes, subsequent encounter"
"S06812S","Injury of right internal carotid artery, intracranial portion, not elsewhere classified with loss of consciousness of 31 minutes to 59 minutes, sequela"
"S06813 ","Injury of right internal carotid artery, intracranial portion, not elsewhere classified with loss of consciousness of 1 hour to 5 hours 59 minutes"
"S06813A","Injury of right internal carotid artery, intracranial portion, not elsewhere classified with loss of consciousness of 1 hour to 5 hours 59 minutes, initial encounter"
"S06813D","Injury of right internal carotid artery, intracranial portion, not elsewhere classified with loss of consciousness of 1 hour to 5 hours 59 minutes, subsequent encounter"
"S06813S","Injury of right internal carotid artery, intracranial portion, not elsewhere classified with loss of consciousness of 1 hour to 5 hours 59 minutes, sequela"
"S06814 ","Injury of right internal carotid artery, intracranial portion, not elsewhere classified with loss of consciousness of 6 hours to 24 hours"
"S06814A","Injury of right internal carotid artery, intracranial portion, not elsewhere classified with loss of consciousness of 6 hours to 24 hours, initial encounter"
"S06814D","Injury of right internal carotid artery, intracranial portion, not elsewhere classified with loss of consciousness of 6 hours to 24 hours, subsequent encounter"
"S06814S","Injury of right internal carotid artery, intracranial portion, not elsewhere classified with loss of consciousness of 6 hours to 24 hours, sequela"
"S06815 ","Injury of right internal carotid artery, intracranial portion, not elsewhere classified with loss of consciousness greater than 24 hours with return to pre-existing conscious level"
"S06815A","Injury of right internal carotid artery, intracranial portion, not elsewhere classified with loss of consciousness greater than 24 hours with return to pre-existing conscious level, initial encounter"
"S06815D","Injury of right internal carotid artery, intracranial portion, not elsewhere classified with loss of consciousness greater than 24 hours with return to pre-existing conscious level, subsequent encounter"
"S06815S","Injury of right internal carotid artery, intracranial portion, not elsewhere classified with loss of consciousness greater than 24 hours with return to pre-existing conscious level, sequela"
"S06816 ","Injury of right internal carotid artery, intracranial portion, not elsewhere classified with loss of consciousness greater than 24 hours without return to pre-existing conscious level with patient surviving"
"S06816A","Injury of right internal carotid artery, intracranial portion, not elsewhere classified with loss of consciousness greater than 24 hours without return to pre-existing conscious level with patient surviving, initial encounter"
"S06816D","Injury of right internal carotid artery, intracranial portion, not elsewhere classified with loss of consciousness greater than 24 hours without return to pre-existing conscious level with patient surviving, subsequent encounter"
"S06816S","Injury of right internal carotid artery, intracranial portion, not elsewhere classified with loss of consciousness greater than 24 hours without return to pre-existing conscious level with patient surviving, sequela"
"S06817 ","Injury of right internal carotid artery, intracranial portion, not elsewhere classified with loss of consciousness of any duration with death due to brain injury prior to regaining consciousness"
"S06817A","Injury of right internal carotid artery, intracranial portion, not elsewhere classified with loss of consciousness of any duration with death due to brain injury prior to regaining consciousness, initial encounter"
"S06817D","Injury of right internal carotid artery, intracranial portion, not elsewhere classified with loss of consciousness of any duration with death due to brain injury prior to regaining consciousness, subsequent encounter"
"S06817S","Injury of right internal carotid artery, intracranial portion, not elsewhere classified with loss of consciousness of any duration with death due to brain injury prior to regaining consciousness, sequela"
"S06818 ","Injury of right internal carotid artery, intracranial portion, not elsewhere classified with loss of consciousness of any duration with death due to other cause prior to regaining consciousness"
"S06818A","Injury of right internal carotid artery, intracranial portion, not elsewhere classified with loss of consciousness of any duration with death due to other cause prior to regaining consciousness, initial encounter"
"S06818D","Injury of right internal carotid artery, intracranial portion, not elsewhere classified with loss of consciousness of any duration with death due to other cause prior to regaining consciousness, subsequent encounter"
"S06818S","Injury of right internal carotid artery, intracranial portion, not elsewhere classified with loss of consciousness of any duration with death due to other cause prior to regaining consciousness, sequela"
"S06819 ","Injury of right internal carotid artery, intracranial portion, not elsewhere classified with loss of consciousness of unspecified duration"
"S06819A","Injury of right internal carotid artery, intracranial portion, not elsewhere classified with loss of consciousness of unspecified duration, initial encounter"
"S06819D","Injury of right internal carotid artery, intracranial portion, not elsewhere classified with loss of consciousness of unspecified duration, subsequent encounter"
"S06819S","Injury of right internal carotid artery, intracranial portion, not elsewhere classified with loss of consciousness of unspecified duration, sequela"
"S0682  ","Injury of left internal carotid artery, intracranial portion, not elsewhere classified"
"S06820 ","Injury of left internal carotid artery, intracranial portion, not elsewhere classified without loss of consciousness"
"S06820A","Injury of left internal carotid artery, intracranial portion, not elsewhere classified without loss of consciousness, initial encounter"
"S06820D","Injury of left internal carotid artery, intracranial portion, not elsewhere classified without loss of consciousness, subsequent encounter"
"S06820S","Injury of left internal carotid artery, intracranial portion, not elsewhere classified without loss of consciousness, sequela"
"S06821 ","Injury of left internal carotid artery, intracranial portion, not elsewhere classified with loss of consciousness of 30 minutes or less"
"S06821A","Injury of left internal carotid artery, intracranial portion, not elsewhere classified with loss of consciousness of 30 minutes or less, initial encounter"
"S06821D","Injury of left internal carotid artery, intracranial portion, not elsewhere classified with loss of consciousness of 30 minutes or less, subsequent encounter"
"S06821S","Injury of left internal carotid artery, intracranial portion, not elsewhere classified with loss of consciousness of 30 minutes or less, sequela"
"S06822 ","Injury of left internal carotid artery, intracranial portion, not elsewhere classified with loss of consciousness of 31 minutes to 59 minutes"
"S06822A","Injury of left internal carotid artery, intracranial portion, not elsewhere classified with loss of consciousness of 31 minutes to 59 minutes, initial encounter"
"S06822D","Injury of left internal carotid artery, intracranial portion, not elsewhere classified with loss of consciousness of 31 minutes to 59 minutes, subsequent encounter"
"S06822S","Injury of left internal carotid artery, intracranial portion, not elsewhere classified with loss of consciousness of 31 minutes to 59 minutes, sequela"
"S06823 ","Injury of left internal carotid artery, intracranial portion, not elsewhere classified with loss of consciousness of 1 hour to 5 hours 59 minutes"
"S06823A","Injury of left internal carotid artery, intracranial portion, not elsewhere classified with loss of consciousness of 1 hour to 5 hours 59 minutes, initial encounter"
"S06823D","Injury of left internal carotid artery, intracranial portion, not elsewhere classified with loss of consciousness of 1 hour to 5 hours 59 minutes, subsequent encounter"
"S06823S","Injury of left internal carotid artery, intracranial portion, not elsewhere classified with loss of consciousness of 1 hour to 5 hours 59 minutes, sequela"
"S06824 ","Injury of left internal carotid artery, intracranial portion, not elsewhere classified with loss of consciousness of 6 hours to 24 hours"
"S06824A","Injury of left internal carotid artery, intracranial portion, not elsewhere classified with loss of consciousness of 6 hours to 24 hours, initial encounter"
"S06824D","Injury of left internal carotid artery, intracranial portion, not elsewhere classified with loss of consciousness of 6 hours to 24 hours, subsequent encounter"
"S06824S","Injury of left internal carotid artery, intracranial portion, not elsewhere classified with loss of consciousness of 6 hours to 24 hours, sequela"
"S06825 ","Injury of left internal carotid artery, intracranial portion, not elsewhere classified with loss of consciousness greater than 24 hours with return to pre-existing conscious level"
"S06825A","Injury of left internal carotid artery, intracranial portion, not elsewhere classified with loss of consciousness greater than 24 hours with return to pre-existing conscious level, initial encounter"
"S06825D","Injury of left internal carotid artery, intracranial portion, not elsewhere classified with loss of consciousness greater than 24 hours with return to pre-existing conscious level, subsequent encounter"
"S06825S","Injury of left internal carotid artery, intracranial portion, not elsewhere classified with loss of consciousness greater than 24 hours with return to pre-existing conscious level, sequela"
"S06826 ","Injury of left internal carotid artery, intracranial portion, not elsewhere classified with loss of consciousness greater than 24 hours without return to pre-existing conscious level with patient surviving"
"S06826A","Injury of left internal carotid artery, intracranial portion, not elsewhere classified with loss of consciousness greater than 24 hours without return to pre-existing conscious level with patient surviving, initial encounter"
"S06826D","Injury of left internal carotid artery, intracranial portion, not elsewhere classified with loss of consciousness greater than 24 hours without return to pre-existing conscious level with patient surviving, subsequent encounter"
"S06826S","Injury of left internal carotid artery, intracranial portion, not elsewhere classified with loss of consciousness greater than 24 hours without return to pre-existing conscious level with patient surviving, sequela"
"S06827 ","Injury of left internal carotid artery, intracranial portion, not elsewhere classified with loss of consciousness of any duration with death due to brain injury prior to regaining consciousness"
"S06827A","Injury of left internal carotid artery, intracranial portion, not elsewhere classified with loss of consciousness of any duration with death due to brain injury prior to regaining consciousness, initial encounter"
"S06827D","Injury of left internal carotid artery, intracranial portion, not elsewhere classified with loss of consciousness of any duration with death due to brain injury prior to regaining consciousness, subsequent encounter"
"S06827S","Injury of left internal carotid artery, intracranial portion, not elsewhere classified with loss of consciousness of any duration with death due to brain injury prior to regaining consciousness, sequela"
"S06828 ","Injury of left internal carotid artery, intracranial portion, not elsewhere classified with loss of consciousness of any duration with death due to other cause prior to regaining consciousness"
"S06828A","Injury of left internal carotid artery, intracranial portion, not elsewhere classified with loss of consciousness of any duration with death due to other cause prior to regaining consciousness, initial encounter"
"S06828D","Injury of left internal carotid artery, intracranial portion, not elsewhere classified with loss of consciousness of any duration with death due to other cause prior to regaining consciousness, subsequent encounter"
"S06828S","Injury of left internal carotid artery, intracranial portion, not elsewhere classified with loss of consciousness of any duration with death due to other cause prior to regaining consciousness, sequela"
"S06829 ","Injury of left internal carotid artery, intracranial portion, not elsewhere classified with loss of consciousness of unspecified duration"
"S06829A","Injury of left internal carotid artery, intracranial portion, not elsewhere classified with loss of consciousness of unspecified duration, initial encounter"
"S06829D","Injury of left internal carotid artery, intracranial portion, not elsewhere classified with loss of consciousness of unspecified duration, subsequent encounter"
"S06829S","Injury of left internal carotid artery, intracranial portion, not elsewhere classified with loss of consciousness of unspecified duration, sequela"
"S0689  ","Other specified intracranial injury"
"S06890 ","Other specified intracranial injury without loss of consciousness"
"S06890A","Other specified intracranial injury without loss of consciousness, initial encounter"
"S06890D","Other specified intracranial injury without loss of consciousness, subsequent encounter"
"S06890S","Other specified intracranial injury without loss of consciousness, sequela"
"S06891 ","Other specified intracranial injury with loss of consciousness of 30 minutes or less"
"S06891A","Other specified intracranial injury with loss of consciousness of 30 minutes or less, initial encounter"
"S06891D","Other specified intracranial injury with loss of consciousness of 30 minutes or less, subsequent encounter"
"S06891S","Other specified intracranial injury with loss of consciousness of 30 minutes or less, sequela"
"S06892 ","Other specified intracranial injury with loss of consciousness of 31 minutes to 59 minutes"
"S06892A","Other specified intracranial injury with loss of consciousness of 31 minutes to 59 minutes, initial encounter"
"S06892D","Other specified intracranial injury with loss of consciousness of 31 minutes to 59 minutes, subsequent encounter"
"S06892S","Other specified intracranial injury with loss of consciousness of 31 minutes to 59 minutes, sequela"
"S06893 ","Other specified intracranial injury with loss of consciousness of 1 hour to 5 hours 59 minutes"
"S06893A","Other specified intracranial injury with loss of consciousness of 1 hour to 5 hours 59 minutes, initial encounter"
"S06893D","Other specified intracranial injury with loss of consciousness of 1 hour to 5 hours 59 minutes, subsequent encounter"
"S06893S","Other specified intracranial injury with loss of consciousness of 1 hour to 5 hours 59 minutes, sequela"
"S06894 ","Other specified intracranial injury with loss of consciousness of 6 hours to 24 hours"
"S06894A","Other specified intracranial injury with loss of consciousness of 6 hours to 24 hours, initial encounter"
"S06894D","Other specified intracranial injury with loss of consciousness of 6 hours to 24 hours, subsequent encounter"
"S06894S","Other specified intracranial injury with loss of consciousness of 6 hours to 24 hours, sequela"
"S06895 ","Other specified intracranial injury with loss of consciousness greater than 24 hours with return to pre-existing conscious level"
"S06895A","Other specified intracranial injury with loss of consciousness greater than 24 hours with return to pre-existing conscious level, initial encounter"
"S06895D","Other specified intracranial injury with loss of consciousness greater than 24 hours with return to pre-existing conscious level, subsequent encounter"
"S06895S","Other specified intracranial injury with loss of consciousness greater than 24 hours with return to pre-existing conscious level, sequela"
"S06896 ","Other specified intracranial injury with loss of consciousness greater than 24 hours without return to pre-existing conscious level with patient surviving"
"S06896A","Other specified intracranial injury with loss of consciousness greater than 24 hours without return to pre-existing conscious level with patient surviving, initial encounter"
"S06896D","Other specified intracranial injury with loss of consciousness greater than 24 hours without return to pre-existing conscious level with patient surviving, subsequent encounter"
"S06896S","Other specified intracranial injury with loss of consciousness greater than 24 hours without return to pre-existing conscious level with patient surviving, sequela"
"S06897 ","Other specified intracranial injury with loss of consciousness of any duration with death due to brain injury prior to regaining consciousness"
"S06897A","Other specified intracranial injury with loss of consciousness of any duration with death due to brain injury prior to regaining consciousness, initial encounter"
"S06897D","Other specified intracranial injury with loss of consciousness of any duration with death due to brain injury prior to regaining consciousness, subsequent encounter"
"S06897S","Other specified intracranial injury with loss of consciousness of any duration with death due to brain injury prior to regaining consciousness, sequela"
"S06898 ","Other specified intracranial injury with loss of consciousness of any duration with death due to other cause prior to regaining consciousness"
"S06898A","Other specified intracranial injury with loss of consciousness of any duration with death due to other cause prior to regaining consciousness, initial encounter"
"S06898D","Other specified intracranial injury with loss of consciousness of any duration with death due to other cause prior to regaining consciousness, subsequent encounter"
"S06898S","Other specified intracranial injury with loss of consciousness of any duration with death due to other cause prior to regaining consciousness, sequela"
"S06899 ","Other specified intracranial injury with loss of consciousness of unspecified duration"
"S06899A","Other specified intracranial injury with loss of consciousness of unspecified duration, initial encounter"
"S06899D","Other specified intracranial injury with loss of consciousness of unspecified duration, subsequent encounter"
"S06899S","Other specified intracranial injury with loss of consciousness of unspecified duration, sequela"
"S069   ","Unspecified intracranial injury"
"S069X  ","Unspecified intracranial injury"
"S069X0 ","Unspecified intracranial injury without loss of consciousness"
"S069X0A","Unspecified intracranial injury without loss of consciousness, initial encounter"
"S069X0D","Unspecified intracranial injury without loss of consciousness, subsequent encounter"
"S069X0S","Unspecified intracranial injury without loss of consciousness, sequela"
"S069X1 ","Unspecified intracranial injury with loss of consciousness of 30 minutes or less"
"S069X1A","Unspecified intracranial injury with loss of consciousness of 30 minutes or less, initial encounter"
"S069X1D","Unspecified intracranial injury with loss of consciousness of 30 minutes or less, subsequent encounter"
"S069X1S","Unspecified intracranial injury with loss of consciousness of 30 minutes or less, sequela"
"S069X2 ","Unspecified intracranial injury with loss of consciousness of 31 minutes to 59 minutes"
"S069X2A","Unspecified intracranial injury with loss of consciousness of 31 minutes to 59 minutes, initial encounter"
"S069X2D","Unspecified intracranial injury with loss of consciousness of 31 minutes to 59 minutes, subsequent encounter"
"S069X2S","Unspecified intracranial injury with loss of consciousness of 31 minutes to 59 minutes, sequela"
"S069X3 ","Unspecified intracranial injury with loss of consciousness of 1 hour to 5 hours 59 minutes"
"S069X3A","Unspecified intracranial injury with loss of consciousness of 1 hour to 5 hours 59 minutes, initial encounter"
"S069X3D","Unspecified intracranial injury with loss of consciousness of 1 hour to 5 hours 59 minutes, subsequent encounter"
"S069X3S","Unspecified intracranial injury with loss of consciousness of 1 hour to 5 hours 59 minutes, sequela"
"S069X4 ","Unspecified intracranial injury with loss of consciousness of 6 hours to 24 hours"
"S069X4A","Unspecified intracranial injury with loss of consciousness of 6 hours to 24 hours, initial encounter"
"S069X4D","Unspecified intracranial injury with loss of consciousness of 6 hours to 24 hours, subsequent encounter"
"S069X4S","Unspecified intracranial injury with loss of consciousness of 6 hours to 24 hours, sequela"
"S069X5 ","Unspecified intracranial injury with loss of consciousness greater than 24 hours with return to pre-existing conscious level"
"S069X5A","Unspecified intracranial injury with loss of consciousness greater than 24 hours with return to pre-existing conscious level, initial encounter"
"S069X5D","Unspecified intracranial injury with loss of consciousness greater than 24 hours with return to pre-existing conscious level, subsequent encounter"
"S069X5S","Unspecified intracranial injury with loss of consciousness greater than 24 hours with return to pre-existing conscious level, sequela"
"S069X6 ","Unspecified intracranial injury with loss of consciousness greater than 24 hours without return to pre-existing conscious level with patient surviving"
"S069X6A","Unspecified intracranial injury with loss of consciousness greater than 24 hours without return to pre-existing conscious level with patient surviving, initial encounter"
"S069X6D","Unspecified intracranial injury with loss of consciousness greater than 24 hours without return to pre-existing conscious level with patient surviving, subsequent encounter"
"S069X6S","Unspecified intracranial injury with loss of consciousness greater than 24 hours without return to pre-existing conscious level with patient surviving, sequela"
"S069X7 ","Unspecified intracranial injury with loss of consciousness of any duration with death due to brain injury prior to regaining consciousness"
"S069X7A","Unspecified intracranial injury with loss of consciousness of any duration with death due to brain injury prior to regaining consciousness, initial encounter"
"S069X7D","Unspecified intracranial injury with loss of consciousness of any duration with death due to brain injury prior to regaining consciousness, subsequent encounter"
"S069X7S","Unspecified intracranial injury with loss of consciousness of any duration with death due to brain injury prior to regaining consciousness, sequela"
"S069X8 ","Unspecified intracranial injury with loss of consciousness of any duration with death due to other cause prior to regaining consciousness"
"S069X8A","Unspecified intracranial injury with loss of consciousness of any duration with death due to other cause prior to regaining consciousness, initial encounter"
"S069X8D","Unspecified intracranial injury with loss of consciousness of any duration with death due to other cause prior to regaining consciousness, subsequent encounter"
"S069X8S","Unspecified intracranial injury with loss of consciousness of any duration with death due to other cause prior to regaining consciousness, sequela"
"S069X9 ","Unspecified intracranial injury with loss of consciousness of unspecified duration"
"S069X9A","Unspecified intracranial injury with loss of consciousness of unspecified duration, initial encounter"
"S069X9D","Unspecified intracranial injury with loss of consciousness of unspecified duration, subsequent encounter"
"S069X9S","Unspecified intracranial injury with loss of consciousness of unspecified duration, sequela"
"T850   ","Mechanical complication of ventricular intracranial (communicating) shunt"
"T8501  ","Breakdown (mechanical) of ventricular intracranial (communicating) shunt"
"T8501XA","Breakdown (mechanical) of ventricular intracranial (communicating) shunt, initial encounter"
"T8501XD","Breakdown (mechanical) of ventricular intracranial (communicating) shunt, subsequent encounter"
"T8501XS","Breakdown (mechanical) of ventricular intracranial (communicating) shunt, sequela"
"T8502  ","Displacement of ventricular intracranial (communicating) shunt"
"T8502XA","Displacement of ventricular intracranial (communicating) shunt, initial encounter"
"T8502XD","Displacement of ventricular intracranial (communicating) shunt, subsequent encounter"
"T8502XS","Displacement of ventricular intracranial (communicating) shunt, sequela"
"T8503  ","Leakage of ventricular intracranial (communicating) shunt"
"T8503XA","Leakage of ventricular intracranial (communicating) shunt, initial encounter"
"T8503XD","Leakage of ventricular intracranial (communicating) shunt, subsequent encounter"
"T8503XS","Leakage of ventricular intracranial (communicating) shunt, sequela"
"T8509  ","Other mechanical complication of ventricular intracranial (communicating) shunt"
"T8509XA","Other mechanical complication of ventricular intracranial (communicating) shunt, initial encounter"
"T8509XD","Other mechanical complication of ventricular intracranial (communicating) shunt, subsequent encounter"
"T8509XS","Other mechanical complication of ventricular intracranial (communicating) shunt, sequela"
"T85730 ","Infection and inflammatory reaction due to ventricular intracranial (communicating) shunt"
"T85730A","Infection and inflammatory reaction due to ventricular intracranial (communicating) shunt, initial encounter"
"T85730D","Infection and inflammatory reaction due to ventricular intracranial (communicating) shunt, subsequent encounter"
"T85730S","Infection and inflammatory reaction due to ventricular intracranial (communicating) shunt, sequela"
